[{"id":831,"name":"Hero","slug":"hero","parent":0,"count":77},{"id":3382,"name":"Page Header","slug":"page-header","parent":0,"count":10},{"id":825,"name":"About","slug":"about","parent":0,"count":81},{"id":952,"name":"Services","slug":"services","parent":0,"count":62},{"id":3589,"name":"Services List","slug":"services-list","parent":0,"count":6},{"id":919,"name":"Features","slug":"features","parent":0,"count":59},{"id":3590,"name":"Features List","slug":"features-list","parent":0,"count":8},{"id":1416,"name":"Contact Form","slug":"contact-form","parent":0,"count":49},{"id":3591,"name":"Locations","slug":"locations","parent":0,"count":8},{"id":3380,"name":"Why Choose Us","slug":"why-choose-us","parent":0,"count":4},{"id":832,"name":"Call To Action","slug":"call-to-action","parent":0,"count":63},{"id":1425,"name":"Portfolio","slug":"portfolio","parent":0,"count":47},{"id":3375,"name":"Gallery","slug":"gallery","parent":0,"count":7},{"id":830,"name":"Testimonials","slug":"testimonials","parent":0,"count":69},{"id":3376,"name":"Pricing","slug":"pricing","parent":0,"count":6},{"id":1001,"name":"FAQ","slug":"faq","parent":0,"count":38},{"id":829,"name":"Team","slug":"team","parent":0,"count":56},{"id":1091,"name":"Clients","slug":"clients","parent":0,"count":20},{"id":1096,"name":"Statistics","slug":"statistics","parent":0,"count":32},{"id":1094,"name":"Heading","slug":"heading","parent":0,"count":30},{"id":1948,"name":"Image and Text","slug":"image-and-text","parent":0,"count":30},{"id":1950,"name":"Location And Hours","slug":"location-and-hours","parent":0,"count":16},{"id":1424,"name":"Single Quote","slug":"single-quote","parent":0,"count":28},{"id":1953,"name":"Subscribe Form","slug":"subscribe-form","parent":0,"count":18},{"id":1946,"name":"Text","slug":"text","parent":0,"count":27},{"id":3391,"name":"Home","slug":"home","parent":0,"count":5},{"id":3392,"name":"About Us","slug":"about-us","parent":0,"count":5},{"id":3393,"name":"Services","slug":"services","parent":0,"count":5},{"id":3394,"name":"Contact Us","slug":"contact-us","parent":0,"count":5}]